{"cameraMode":{"drawMode":0,"name":"Shaded","section":"Shading Mode"},"sceneLighting":true,"audioPlay":false,"sceneViewState":{"m_AlwaysRefresh":false,"showFog":true,"showSkybox":true,"showFlares":true,"showImageEffects":true,"showParticleSystems":true,"showVisualEffectGraphs":true,"m_FxEnabled":true},"in2DMode":false,"pivot":{"x":673.1009521484375,"y":12.996429443359375,"z":780.4906616210938},"rotation":{"x":0.3438284993171692,"y":-0.017747648060321809,"z":0.006507900543510914,"w":0.9389711618423462},"size":3.110783815383911,"orthographic":false}